"","nama_sklh","kota_sklh","provinsi","lulus.2020","tdk_admisi.2020","tdk_bayar.2020","jml.2020","lulus.2021","tdk_admisi.2021","tdk_bayar.2021","jml.2021"
"1","MAN 1 Kota Cilegon","Kota Cilegon","Banten",30,0,0,0,15,0,0,0
"2","MAN 1 KOTA SERANG","Kota Serang","Banten",28,0,0,0,14,0,0,0
"3","MAN 1 Kota Tangerang","Kota Tangerang","Banten",8,0,1,1,5,0,1,1
"4","MAN 1 KOTA TANGERANG SELATAN","Kota Tangerang Selatan","Banten",2,0,0,0,5,0,0,0
"5","MAN 1 Lebak","Kab. Lebak","Banten",1,0,0,0,3,0,0,0
"6","MAN 1 Pandeglang","Kab. Pandeglang","Banten",2,0,0,0,6,0,0,0
"7","MAN 1 SERANG","Kab. Serang","Banten",3,0,0,0,3,0,0,0
"8","MAN 1 TANGERANG","Kab. Tangerang","Banten",1,1,0,1,0,0,0,0
"9","MAN 2 KOTA CILEGON","Kota Cilegon","Banten",9,1,0,1,9,0,0,0
"10","MAN 2 KOTA SERANG","Kota Serang","Banten",4,0,0,0,3,0,0,0
"11","MAN 2 KOTA TANGERANG","Kota Tangerang","Banten",0,0,0,0,4,0,0,0
"12","MAN 2 Lebak","Kab. Lebak","Banten",8,0,0,0,12,3,0,3
"13","MAN 2 Pandeglang","Kab. Pandeglang","Banten",10,3,0,3,7,0,0,0
"14","MAN 2 TANGERANG","Kab. Tangerang","Banten",9,0,1,1,14,0,0,0
"15","MAN 3 PANDEGLANG","Kab. Pandeglang","Banten",6,0,0,0,0,0,0,0
"16","MAN 3 TANGERANG","Kab. Tangerang","Banten",1,0,0,0,3,0,0,0
"17","MAN 4 Pandeglang","Kab. Pandeglang","Banten",33,1,1,2,17,0,0,0
"18","MAN 4 TANGERANG","Kab. Tangerang","Banten",5,0,0,0,14,0,0,0
"19","MAS AL- ISLAH","Kab. Serang","Banten",0,0,0,0,1,0,1,1
"20","MAS AL-IJTIHAD","Kota Tangerang","Banten",0,0,0,0,2,0,0,0
"21","MAS AL-IJTIHAD","Kota Tangerang Selatan","Banten",1,0,0,0,0,0,0,0
"22","MAS AL-INAYAH JERANG ILIR","Kota Cilegon","Banten",2,0,0,0,10,0,0,0
"23","MAS AL-JAUHAROTUNNAQIYYAH CIBEBER","Kota Cilegon","Banten",0,0,0,0,1,1,0,1
"24","MAS AL-KHAIRIYAH KARANGTENGAH","Kota Cilegon","Banten",1,0,0,0,0,0,0,0
"25","MAS AL-KHAIRIYAH PIPITAN","Kota Serang","Banten",1,0,0,0,0,0,0,0
"26","MAS AL-KHAIRIYAH RANCARANJI","Kab. Serang","Banten",3,0,0,0,8,0,0,0
"27","MAS AL FALAH KARANGTANJUNG","Kab. Pandeglang","Banten",1,0,0,0,0,0,0,0
"28","MAS AL HIDAYAH","Kab. Serang","Banten",0,0,0,0,2,0,0,0
"29","MAS AL ISTIQOMAH","Kab. Tangerang","Banten",1,0,0,0,0,0,0,0
"30","MAS ALIYAH MATHLA`UL ANWAR BAROS","Kab. Lebak","Banten",2,0,0,0,0,0,0,0
"31","MAS ASSA`ADAH DAHU","Kab. Serang","Banten",1,0,0,0,0,0,0,0
"32","MAS AT TAQWA YASTU","Kab. Pandeglang","Banten",0,0,0,0,1,1,0,1
"33","MAS CITRA CENDEKIA","Kota Jakarta Selatan","DKI Jakarta",1,0,0,0,0,0,0,0
"34","MAS DAAR AL-ILMI","Kota Serang","Banten",2,0,0,0,0,0,0,0
"35","MAS DAAR EL-QOLAM","Kab. Tangerang","Banten",0,0,0,0,2,0,0,0
"36","MAS DAARUL FALAH","Kab. Serang","Banten",0,0,0,0,4,1,0,1
"37","MAS DAARUL HIKMAH","Kota Tangerang Selatan","Banten",0,0,0,0,1,0,0,0
"38","MAS DARUL IHSAN","Kota Serang","Banten",0,0,0,0,1,0,0,0
"39","MAS JAMIYYAH ISLAMIYYAH","Kota Tangerang Selatan","Banten",0,0,0,0,1,1,0,1
"40","MAS KHAZANAH KEBAJIKAN","Kota Tangerang Selatan","Banten",0,0,0,0,1,0,0,0
"41","MAS MALNU PUSAT MENES","Kab. Pandeglang","Banten",1,1,0,1,3,0,0,0
"42","MAS MAMBAUSSALAM","Kab. Serang","Banten",1,0,0,0,0,0,0,0
"43","MAS MANBA`USSALAM","Kab. Serang","Banten",0,0,0,0,1,0,0,0
"44","MAS MATHLA`UL ANWAR PUSAT MENES","Kab. Pandeglang","Banten",1,0,0,0,3,0,0,0
"45","MAS MIFTAHUL HUDA","Kab. Tangerang","Banten",1,0,0,0,1,1,0,1
"46","MAS NASYRUL ULUM BANI SHALEH","Kota Cilegon","Banten",2,0,0,0,6,2,1,3
"47","MAS NUR EL FALAH KUBANG","Kab. Serang","Banten",0,0,0,0,1,0,0,0
"48","MAS NURUL FALAH","Kab. Lebak","Banten",1,0,0,0,0,0,0,0
"49","MAS NURUL HUDA BAROS","Kab. Serang","Banten",9,0,0,0,2,0,0,0
"50","MAS NURUL MUHTADIN","Kab. Serang","Banten",0,0,0,0,2,1,0,1
"51","MAS RAUDLATUL ULUM","Kab. Serang","Banten",0,0,0,0,1,0,0,0
"52","MAS SHOLATIYAH","Kab. Serang","Banten",0,0,0,0,3,0,0,0
"53","MAS SYEKH MANSHUR","Kab. Pandeglang","Banten",1,0,0,0,4,0,0,0
"54","MAS ULUMUL QUR`AN","Kota Serang","Banten",0,0,0,0,1,1,0,1
"55","SMA ATTAUFIQIYYAH","Kab. Serang","Banten",1,0,0,0,0,0,0,0
"56","SMA BUDI UTOMO PERAK","Kab. Jombang","Jawa Timur",1,0,0,0,0,0,0,0
"57","SMA ISLAM DAARUL FIRDAUS","Kab. Serang","Banten",1,0,0,0,0,0,0,0
"58","SMA ISLAM NURUL FIKRI","Kab. Serang","Banten",3,0,0,0,0,0,0,0
"59","SMA ISLAM TERPADU BINA INSANI","Kab. Serang","Banten",2,0,0,0,0,0,0,0
"60","SMA ISLAM TERPADU GRANADA","Kota Tangerang","Banten",1,0,0,0,0,0,0,0
"61","SMA NEGERI 09 PALEMBANG","Kota Palembang","Sumatera Selatan",1,0,0,0,0,0,0,0
"62","SMA NEGERI 1 LUBUK BASUNG","Kab. Agam","Sumatera Barat",1,0,0,0,0,0,0,0
"63","SMA NEGERI UNGGUL BINAAN","Kab. Bener Meriah","Aceh",1,0,0,0,0,0,0,0
"64","SMAN 1 ANYER","Kab. Serang","Banten",2,0,0,0,7,0,0,0
"65","SMAN 1 BANJARSARI","Kab. Lebak","Banten",0,0,0,0,3,0,0,0
"66","SMAN 1 BAROS","Kab. Serang","Banten",14,1,1,2,3,0,0,0
"67","SMAN 1 BATANG ANAI","Kab. Padang Pariaman","Sumatera Barat",1,0,0,0,0,0,0,0
"68","SMAN 1 BAYAH","Kab. Lebak","Banten",6,0,0,0,6,0,1,1
"69","SMAN 1 BILAH HILIR","Kab. Labuhanbatu","Sumatera Utara",1,0,0,0,0,0,0,0
"70","SMAN 1 BINUANG","Kab. Serang","Banten",3,0,0,0,0,0,0,0
"71","SMAN 1 BOJONEGARA","Kab. Serang","Banten",2,0,0,0,8,1,0,1
"72","SMAN 1 BOJONGMANIK","Kab. Lebak","Banten",6,0,0,0,6,1,0,1
"73","SMAN 1 CARENANG","Kab. Serang","Banten",2,0,0,0,0,0,0,0
"74","SMAN 1 CIBADAK","Kab. Lebak","Banten",15,0,0,0,3,0,0,0
"75","SMAN 1 CIBEBER","Kab. Lebak","Banten",2,0,0,0,0,0,0,0
"76","SMAN 1 CIBITUNG","Kab. Bekasi","Jawa Barat",1,0,0,0,0,0,0,0
"77","SMAN 1 Cidahu","Kab. Sukabumi","Jawa Barat",0,0,0,0,1,0,0,0
"78","SMAN 1 CIHARA","Kab. Lebak","Banten",2,0,0,0,2,0,0,0
"79","SMAN 1 CIJAKU","Kab. Lebak","Banten",4,0,1,1,1,0,0,0
"80","SMAN 1 CIKANDE","Kab. Serang","Banten",21,0,0,0,10,0,0,0
"81","SMAN 1 CIKEUSAL","Kab. Serang","Banten",20,4,1,5,12,1,0,1
"82","SMAN 1 CIKULUR","Kab. Lebak","Banten",2,0,0,0,1,0,1,1
"83","SMAN 1 CILEGON","Kota Cilegon","Banten",5,0,1,1,9,0,0,0
"84","SMAN 1 CILELES","Kab. Lebak","Banten",1,0,0,0,3,0,0,0
"85","SMAN 1 CILOGRANG","Kab. Lebak","Banten",1,0,0,0,3,0,0,0
"86","SMAN 1 CIMARGA","Kab. Lebak","Banten",2,0,0,0,5,0,0,0
"87","SMAN 1 CINANGKA","Kab. Serang","Banten",1,0,0,0,6,0,0,0
"88","SMAN 1 CIOMAS","Kab. Serang","Banten",15,0,0,0,15,1,0,1
"89","SMAN 1 CIPANAS","Kab. Lebak","Banten",2,0,0,0,3,0,0,0
"90","SMAN 1 CIPEUNDEUY","Kab. Bandung Barat","Jawa Barat",1,0,0,0,0,0,0,0
"91","SMAN 1 CIRUAS","Kab. Serang","Banten",13,1,0,1,20,0,0,0
"92","SMAN 1 CURUGBITUNG","Kab. Lebak","Banten",0,0,0,0,1,0,0,0
"93","SMAN 1 GUNUNG KENCANA","Kab. Lebak","Banten",3,0,0,0,3,0,0,0
"94","SMAN 1 JAWILAN","Kab. Serang","Banten",5,0,0,0,9,0,1,1
"95","SMAN 1 KABUPATEN TANGERANG","Kab. Tangerang","Banten",1,0,0,0,4,0,0,0
"96","SMAN 1 KIBIN","Kab. Serang","Banten",9,0,0,0,5,0,1,1
"97","SMAN 1 KOTA SERANG","Kota Serang","Banten",10,0,0,0,6,0,0,0
"98","SMAN 1 KRAGILAN","Kab. Serang","Banten",0,0,0,0,1,0,0,0
"99","SMAN 1 KRAGILAN KJ SMAN 1 CIRUAS","Kab. Serang","Banten",3,0,0,0,0,0,0,0
"100","SMAN 1 KRAMAT WATU","Kab. Serang","Banten",7,1,0,1,7,0,0,0
"101","SMAN 1 LEUWIDAMAR","Kab. Lebak","Banten",1,0,0,0,2,0,0,0
"102","SMAN 1 MALINGPING","Kab. Lebak","Banten",18,2,1,3,8,1,0,1
"103","SMAN 1 MANCAK","Kab. Serang","Banten",4,0,0,0,2,0,0,0
"104","SMAN 1 MUNCANG","Kab. Lebak","Banten",2,0,0,0,0,0,0,0
"105","SMAN 1 PABUARAN","Kab. Serang","Banten",30,1,0,1,27,0,0,0
"106","SMAN 1 PADARINCANG","Kab. Serang","Banten",4,0,0,0,1,0,0,0
"107","SMAN 1 PAMARAYAN","Kab. Serang","Banten",2,0,0,0,12,0,1,1
"108","SMAN 1 PANDEGLANG","Kab. Pandeglang","Banten",2,0,0,0,5,0,0,0
"109","SMAN 1 PANGGARANGAN","Kab. Lebak","Banten",1,0,0,0,3,0,0,0
"110","SMAN 1 PETIR","Kab. Serang","Banten",5,0,0,0,7,0,0,0
"111","SMAN 1 PONTANG","Kab. Serang","Banten",13,3,2,5,4,0,1,1
"112","SMAN 1 RANGKASBITUNG","Kab. Lebak","Banten",9,0,0,0,12,0,0,0
"113","SMAN 1 SUNGAYANG","Kab. Tanah Datar","Sumatera Barat",0,0,0,0,1,0,0,0
"114","SMAN 1 TANGERANG","Kota Tangerang","Banten",0,0,0,0,1,0,0,0
"115","SMAN 1 TIRTAYASA","Kab. Serang","Banten",8,2,0,2,6,0,1,1
"116","SMAN 1 WANASALAM","Kab. Lebak","Banten",3,0,0,0,2,1,0,1
"117","SMAN 1 WARINGINKURUNG","Kab. Serang","Banten",13,0,0,0,10,0,0,0
"118","SMAN 1 WARUNGGUNUNG","Kab. Lebak","Banten",5,0,0,0,4,0,0,0
"119","SMAN 10 KOTA TANGERANG SELATAN","Kota Tangerang Selatan","Banten",0,0,0,0,3,0,0,0
"120","SMAN 10 TANGERANG","Kota Tangerang","Banten",0,0,0,0,5,0,1,1
"121","SMAN 11 KABUPATEN TANGERANG","Kab. Tangerang","Banten",20,1,0,1,16,0,0,0
"122","SMAN 11 KOTA TANGERANG SELATAN","Kota Tangerang Selatan","Banten",0,0,0,0,2,0,0,0
"123","SMAN 11 PANDEGLANG","Kab. Pandeglang","Banten",1,0,0,0,0,0,0,0
"124","SMAN 11 TANGERANG","Kota Tangerang","Banten",0,0,0,0,5,0,0,0
"125","SMAN 12 KABUPATEN TANGERANG","Kab. Tangerang","Banten",1,0,0,0,0,0,0,0
"126","SMAN 12 KOTA TANGERANG SELATAN","Kota Tangerang Selatan","Banten",4,0,1,1,3,0,0,0
"127","SMAN 12 TANGERANG","Kota Tangerang","Banten",4,0,0,0,3,0,0,0
"128","SMAN 13 KABUPATEN TANGERANG","Kab. Tangerang","Banten",4,0,0,0,3,0,0,0
"129","SMAN 13 TANGERANG","Kota Tangerang","Banten",0,0,0,0,3,0,0,0
"130","SMAN 14 KABUPATEN TANGERANG","Kab. Tangerang","Banten",0,0,0,0,4,0,0,0
"131","SMAN 14 PANDEGLANG","Kab. Pandeglang","Banten",3,0,0,0,3,0,2,2
"132","SMAN 14 TANGERANG","Kota Tangerang","Banten",3,0,0,0,11,0,0,0
"133","SMAN 15 KABUPATEN TANGERANG","Kab. Tangerang","Banten",0,0,0,0,1,0,0,0
"134","SMAN 15 PANDEGLANG","Kab. Pandeglang","Banten",6,2,0,2,6,0,0,0
"135","SMAN 15 TANGERANG","Kota Tangerang","Banten",2,0,0,0,2,0,0,0
"136","SMAN 16 KABUPATEN TANGERANG","Kab. Tangerang","Banten",0,0,0,0,4,0,1,1
"137","SMAN 17 KABUPATEN TANGERANG","Kab. Tangerang","Banten",0,0,0,0,1,0,0,0
"138","SMAN 17 PANDEGLANG","Kab. Pandeglang","Banten",3,0,0,0,2,0,0,0
"139","SMAN 18 KABUPATEN TANGERANG","Kab. Tangerang","Banten",3,0,0,0,9,1,0,1
"140","SMAN 19 KABUPATEN TANGERANG","Kab. Tangerang","Banten",0,0,0,0,2,0,0,0
"141","SMAN 2 BANJARSARI","Kab. Lebak","Banten",0,0,0,0,2,0,0,0
"142","SMAN 2 CIBEBER","Kab. Lebak","Banten",0,0,0,0,1,0,0,0
"143","SMAN 2 KABUPATEN TANGERANG","Kab. Tangerang","Banten",1,0,0,0,1,0,0,0
"144","SMAN 2 KOTA SERANG","Kota Serang","Banten",12,0,0,0,12,0,0,0
"145","SMAN 2 KRAKATAU STEEL CILEGON","Kota Cilegon","Banten",7,0,0,0,7,0,0,0
"146","SMAN 2 PANDEGLANG","Kab. Pandeglang","Banten",15,0,0,0,14,0,0,0
"147","SMAN 2 RANGKASBITUNG","Kab. Lebak","Banten",7,2,0,2,12,1,1,2
"148","SMAN 20 KABUPATEN TANGERANG","Kab. Tangerang","Banten",0,0,0,0,4,1,0,1
"149","SMAN 21 KABUPATEN TANGERANG","Kab. Tangerang","Banten",5,0,0,0,1,0,0,0
"150","SMAN 22 KABUPATEN TANGERANG","Kab. Tangerang","Banten",0,0,0,0,3,0,0,0
"151","SMAN 23 KABUPATEN TANGERANG","Kab. Tangerang","Banten",1,0,0,0,0,0,0,0
"152","SMAN 24 KABUPATEN TANGERANG","Kab. Tangerang","Banten",2,0,0,0,4,0,0,0
"153","SMAN 25 KABUPATEN TANGERANG","Kab. Tangerang","Banten",0,0,0,0,2,0,0,0
"154","SMAN 26 KABUPATEN TANGERANG","Kab. Tangerang","Banten",3,0,0,0,0,0,0,0
"155","SMAN 27 KABUPATEN TANGERANG","Kab. Tangerang","Banten",0,0,0,0,1,0,0,0
"156","SMAN 28 KABUPATEN TANGERANG","Kab. Tangerang","Banten",2,0,0,0,2,0,0,0
"157","SMAN 29 KABUPATEN TANGERANG","Kab. Tangerang","Banten",0,0,0,0,1,0,0,0
"158","SMAN 3 CIBEBER","Kab. Lebak","Banten",0,0,0,0,1,0,0,0
"159","SMAN 3 CILEGON","Kota Cilegon","Banten",7,1,0,1,5,0,0,0
"160","SMAN 3 KABUPATEN TANGERANG","Kab. Tangerang","Banten",1,0,0,0,4,0,0,0
"161","SMAN 3 KOTA SERANG","Kota Serang","Banten",7,0,0,0,26,1,2,3
"162","SMAN 3 PANDEGLANG","Kab. Pandeglang","Banten",6,0,0,0,11,0,0,0
"163","SMAN 3 RANGKAS BITUNG","Kab. Lebak","Banten",7,0,0,0,14,0,0,0
"164","SMAN 3 TANGERANG","Kota Tangerang","Banten",2,0,0,0,0,0,0,0
"165","SMAN 4 CILEGON","Kota Cilegon","Banten",1,1,0,1,4,0,0,0
"166","SMAN 4 KABUPATEN TANGERANG","Kab. Tangerang","Banten",3,0,0,0,5,0,0,0
"167","SMAN 4 KOTA SERANG","Kota Serang","Banten",8,0,0,0,9,1,0,1
"168","SMAN 4 PANDEGLANG","Kab. Pandeglang","Banten",2,0,0,0,15,0,1,1
"169","SMAN 4 TANGERANG","Kota Tangerang","Banten",1,0,0,0,5,0,0,0
"170","SMAN 46 JAKARTA","Kota Jakarta Selatan","DKI Jakarta",1,0,0,0,0,0,0,0
"171","SMAN 5 CILEGON","Kota Cilegon","Banten",7,0,1,1,4,0,0,0
"172","SMAN 5 KOTA SERANG","Kota Serang","Banten",5,0,0,0,8,0,1,1
"173","SMAN 5 KOTA TANGERANG SELATAN","Kota Tangerang Selatan","Banten",1,0,0,0,1,0,0,0
"174","SMAN 5 PANDEGLANG","Kab. Pandeglang","Banten",2,0,0,0,6,1,0,1
"175","SMAN 5 TANGERANG","Kota Tangerang","Banten",1,0,0,0,3,1,0,1
"176","SMAN 6 KABUPATEN TANGERANG","Kab. Tangerang","Banten",0,0,0,0,3,0,0,0
"177","SMAN 6 KOTA SERANG","Kota Serang","Banten",24,2,1,3,24,0,0,0
"178","SMAN 6 KOTA TANGERANG SELATAN","Kota Tangerang Selatan","Banten",0,0,0,0,2,0,0,0
"179","SMAN 6 PANDEGLANG","Kab. Pandeglang","Banten",3,0,0,0,2,0,0,0
"180","SMAN 6 TANGERANG","Kota Tangerang","Banten",1,0,0,0,2,0,0,0
"181","SMAN 7 KABUPATEN TANGERANG","Kab. Tangerang","Banten",4,0,0,0,2,0,1,1
"182","SMAN 7 KOTA SERANG","Kota Serang","Banten",1,0,0,0,10,0,0,0
"183","SMAN 7 KOTA TANGERANG SELATAN","Kota Tangerang Selatan","Banten",0,0,0,0,2,0,0,0
"184","SMAN 7 PANDEGLANG","Kab. Pandeglang","Banten",6,0,0,0,4,0,0,0
"185","SMAN 7 TANGERANG","Kota Tangerang","Banten",4,0,0,0,3,0,0,0
"186","SMAN 72 JAKARTA","Kota Jakarta Utara","DKI Jakarta",1,0,0,0,0,0,0,0
"187","SMAN 8 KABUPATEN TANGERANG","Kab. Tangerang","Banten",0,0,0,0,5,0,0,0
"188","SMAN 8 KOTA SERANG","Kota Serang","Banten",3,0,0,0,6,0,1,1
"189","SMAN 8 PANDEGLANG","Kab. Pandeglang","Banten",0,0,0,0,4,0,0,0
"190","SMAN 8 TANGERANG","Kota Tangerang","Banten",1,0,0,0,0,0,0,0
"191","SMAN 86 JAKARTA","Kota Jakarta Selatan","DKI Jakarta",1,1,0,1,0,0,0,0
"192","SMAN 9 KABUPATEN TANGERANG","Kab. Tangerang","Banten",0,0,0,0,1,1,0,1
"193","SMAN 9 TANGERANG","Kota Tangerang","Banten",2,0,0,0,2,0,0,0
"194","SMAN 95 JAKARTA","Kota Jakarta Barat","DKI Jakarta",1,0,0,0,0,0,0,0
"195","SMAN 96 JAKARTA","Kota Jakarta Barat","DKI Jakarta",1,0,0,0,0,0,0,0
"196","SMAS ADZKIA ISLAMIC SCHOOL","Kota Tangerang Selatan","Banten",0,0,0,0,1,0,0,0
"197","SMAS AL-MADINAH ISLAMIC CENTER KKMB","Kota Tangerang Selatan","Banten",0,0,0,0,1,0,0,0
"198","SMAS AL IRSYAD WARINGINKURUNG","Kab. Serang","Banten",0,0,0,0,1,0,1,1
"199","SMAS AL ISHLAH CILEGON","Kota Cilegon","Banten",0,0,0,0,2,0,0,0
"200","SMAS AL KHAIRIYAH 1","Kota Cilegon","Banten",0,0,0,0,1,1,0,1
"201","SMAS AL KHAIRIYAH 4","Kota Cilegon","Banten",0,0,0,0,4,0,1,1
"202","SMAS AL MA ARIF","Kota Cilegon","Banten",0,0,0,0,2,0,0,0
"203","SMAS AL MUBARAK","Kota Tangerang Selatan","Banten",0,0,0,0,1,0,0,0
"204","SMAS ALLAYINAH","Kab. Tangerang","Banten",0,0,0,0,1,0,0,0
"205","SMAS AN NURMANIYAH","Kota Tangerang","Banten",1,0,0,0,1,0,0,0
"206","SMAS ASY SYUKRIYAH","Kota Tangerang","Banten",0,0,0,0,1,0,0,0
"207","SMAS BINA MACHMUD","Kab. Serang","Banten",0,0,0,0,1,0,0,0
"208","SMAS BINA PUTERA KOPO","Kab. Serang","Banten",0,0,0,0,1,0,0,0
"209","SMAS BUDI LUHUR","Kota Tangerang","Banten",0,0,0,0,1,0,0,0
"210","SMAS CENDERAWASIH II","Kota Tangerang Selatan","Banten",0,0,0,0,1,0,0,0
"211","SMAS CITRA ISLAMI","Kab. Tangerang","Banten",1,0,0,0,0,0,0,0
"212","SMAS DAAR EL-FALAH","Kab. Pandeglang","Banten",0,0,0,0,1,0,0,0
"213","SMAS DAAR EL AZHAR RANGKASBITUNG","Kab. Lebak","Banten",0,0,0,0,1,0,0,0
"214","SMAS DAAR EL QOLAM","Kab. Tangerang","Banten",1,0,0,0,1,0,0,0
"215","SMAS DAARUL ISHLAH ISLAMIC","Kota Cilegon","Banten",3,0,0,0,4,0,0,0
"216","SMAS DAARUL MUTTAQIEN","Kab. Tangerang","Banten",0,0,0,0,1,0,0,0
"217","SMAS DAARUL QUR AN INTERNASIONAL","Kota Tangerang","Banten",0,0,0,0,1,0,0,0
"218","SMAS DAARUSSALAM","Kab. Tangerang","Banten",0,0,0,0,2,0,0,0
"219","SMAS DARUL AHSAN","Kab. Tangerang","Banten",1,0,0,0,11,0,0,0
"220","SMAS DUA MEI","Kota Tangerang Selatan","Banten",0,0,0,0,1,0,0,0
"221","SMAS DWI WARNA","Kab. Bogor","Jawa Barat",0,0,0,0,1,0,0,0
"222","SMAS HIRO","Kab. Tangerang","Banten",0,0,0,0,3,0,0,0
"223","SMAS INFORMATIKA","Kota Serang","Banten",2,1,0,1,2,0,0,0
"224","SMAS ISLAM AL-FALAH KRESEK","Kab. Tangerang","Banten",4,1,0,1,0,0,0,0
"225","SMAS ISLAM AL AZHAR 6","Kota Cilegon","Banten",1,0,0,0,2,0,0,0
"226","SMAS ISLAM DAARUL FIRDAUS","Kab. Serang","Banten",0,0,0,0,2,0,2,2
"227","SMAS ISLAM NURUL FIKRI","Kab. Serang","Banten",0,0,0,0,1,0,0,0
"228","SMAS ISLAM SINAR CENDEKIA","Kota Tangerang Selatan","Banten",0,0,0,0,1,0,0,0
"229","SMAS ISLAM TERPADU BINA INSANI","Kab. Serang","Banten",0,0,0,0,2,0,0,0
"230","SMAS ISLAMIC CENTRE","Kota Tangerang","Banten",1,0,0,0,2,0,0,0
"231","SMAS IT ALQURANIYAH","Kota Tangerang Selatan","Banten",0,0,0,0,1,1,0,1
"232","SMAS IT RAUDHATUL JANNAH","Kota Cilegon","Banten",3,0,0,0,3,0,0,0
"233","SMAS LA TANSA","Kab. Lebak","Banten",0,0,0,0,2,0,0,0
"234","SMAS MALNU PUSAT MENES","Kab. Pandeglang","Banten",4,0,2,2,0,0,0,0
"235","SMAS MANDIRI BALARAJA","Kab. Tangerang","Banten",0,0,0,0,2,2,0,2
"236","SMAS MATHLAUL ANWAR MENES","Kab. Pandeglang","Banten",0,0,0,0,1,0,0,0
"237","SMAS MUHAMMADIYAH 8 CIPUTAT","Kota Tangerang Selatan","Banten",1,1,0,1,0,0,0,0
"238","SMAS MUHAMMADIYAH CILEGON","Kota Cilegon","Banten",1,0,0,0,2,0,0,0
"239","SMAS NUR EL BANTANY KOTA SRG","Kota Serang","Banten",2,0,0,0,2,0,0,0
"240","SMAS NUR EL FALAH KUBANG","Kab. Serang","Banten",1,0,0,0,0,0,0,0
"241","SMAS NURUL ISLAM KOTA SERANG","Kota Serang","Banten",1,0,0,0,1,0,0,0
"242","SMAS NUSANTARA UNGGUL","Kab. Tangerang","Banten",0,0,0,0,6,0,0,0
"243","SMAS PARADIGMA","Kab. Tangerang","Banten",0,0,0,0,1,0,1,1
"244","SMAS PGRI 109","Kota Tangerang","Banten",0,0,0,0,3,0,0,0
"245","SMAS PGRI BALARAJA","Kab. Tangerang","Banten",1,1,0,1,0,0,0,0
"246","SMAS PGRI LEGOK","Kab. Tangerang","Banten",0,0,0,0,1,0,0,0
"247","SMAS PLUS ASSA ADAH","Kab. Serang","Banten",0,0,0,0,4,0,0,0
"248","SMAS PLUS PERMATA INSANI ISLAMIC SCHOOL","Kab. Tangerang","Banten",3,0,0,0,3,0,0,0
"249","SMAS PORIS INDAH","Kota Tangerang","Banten",0,0,0,0,2,1,0,1
"250","SMAS PRISMA KOTA SERANG","Kota Serang","Banten",1,0,0,0,0,0,0,0
"251","SMAS QOTHROTUL FALAH CIKULUR","Kab. Lebak","Banten",0,0,0,0,2,0,0,0
"252","SMAS SYEKH YUSUF","Kota Tangerang","Banten",0,0,0,0,1,0,0,0
"253","SMAS TERPADU AL-QUDWAH","Kab. Lebak","Banten",0,0,0,0,1,0,0,0
"254","SMAS WASKITO","Kota Tangerang Selatan","Banten",0,0,0,0,2,0,0,0
"255","SMAS YADIKA 3","Kota Tangerang","Banten",0,0,0,0,1,0,0,0
"256","SMAS YADIKA 6 PONDOK AREN","Kota Tangerang Selatan","Banten",3,0,1,1,1,0,0,0
"257","SMAS YP KARYA","Kota Tangerang","Banten",0,0,0,0,2,0,0,0
"258","SMAS YUPPENTEK 1","Kota Tangerang","Banten",1,0,0,0,1,0,0,0
"259","SMAS YUPPENTEK 4","Kota Tangerang","Banten",0,0,0,0,1,0,0,0
"260","SMK AL MA ARIF KRAMATWATU","Kab. Serang","Banten",1,0,0,0,0,0,0,0
"261","SMK IKHLAS JAWILAN","Kab. Serang","Banten",1,0,0,0,0,0,0,0
"262","SMK KESEHATAN BANTEN","Kota Tangerang","Banten",1,0,0,0,0,0,0,0
"263","SMK MULIA HATI INSANI","Kab. Lebak","Banten",2,0,0,0,0,0,0,0
"264","SMK NEGERI 1 ANYER","Kab. Serang","Banten",3,0,0,0,0,0,0,0
"265","SMK NEGERI 6 KOTA TANGERANG SELATAN","Kota Tangerang Selatan","Banten",1,0,0,0,0,0,0,0
"266","SMKN 1 CILEGON","Kota Cilegon","Banten",2,0,0,0,1,0,0,0
"267","SMKN 1 CINANGKA","Kab. Serang","Banten",9,0,0,0,0,0,0,0
"268","SMKN 1 KAB TANGERANG","Kab. Tangerang","Banten",0,0,0,0,2,0,0,0
"269","SMKN 1 KOTA SERANG","Kota Serang","Banten",7,0,0,0,0,0,0,0
"270","SMKN 1 KRAGILAN","Kab. Serang","Banten",2,0,0,0,0,0,0,0
"271","SMKN 1 PANDEGLANG","Kab. Pandeglang","Banten",1,0,0,0,0,0,0,0
"272","SMKN 1 RANGKASBITUNG","Kab. Lebak","Banten",4,0,1,1,1,0,0,0
"273","SMKN 1 TANGERANG","Kota Tangerang","Banten",9,1,0,1,0,0,0,0
"274","SMKN 1 TUNJUNG TEJA","Kab. Serang","Banten",4,3,0,3,0,0,0,0
"275","SMKN 10 PANDEGLANG","Kab. Pandeglang","Banten",0,0,0,0,1,0,0,0
"276","SMKN 2 KABUPATEN TANGERANG","Kab. Tangerang","Banten",4,0,1,1,4,0,0,0
"277","SMKN 2 KOTA SERANG","Kota Serang","Banten",11,0,0,0,2,0,0,0
"278","SMKN 2 KOTA TANGERANG SELATAN","Kota Tangerang Selatan","Banten",6,0,0,0,0,0,0,0
"279","SMKN 2 PANDEGLANG","Kab. Pandeglang","Banten",4,0,0,0,3,0,0,0
"280","SMKN 2 RANGKASBITUNG","Kab. Lebak","Banten",2,1,0,1,0,0,0,0
"281","SMKN 2 TANGERANG","Kota Tangerang","Banten",4,0,1,1,2,1,0,1
"282","SMKN 3 CILEGON","Kota Cilegon","Banten",1,0,0,0,1,0,0,0
"283","SMKN 3 JAKARTA","Kota Jakarta Pusat","DKI Jakarta",1,0,0,0,0,0,0,0
"284","SMKN 3 KAB TANGERANG","Kab. Tangerang","Banten",9,0,1,1,3,0,0,0
"285","SMKN 3 KOTA SERANG","Kota Serang","Banten",3,0,0,0,0,0,0,0
"286","SMKN 3 KOTA TANGERANG SELATAN","Kota Tangerang Selatan","Banten",0,0,0,0,1,0,1,1
"287","SMKN 3 PANDEGLANG","Kab. Pandeglang","Banten",1,0,1,1,0,0,0,0
"288","SMKN 3 TANGERANG","Kota Tangerang","Banten",3,0,0,0,0,0,0,0
"289","SMKN 4 CILEGON","Kota Cilegon","Banten",1,0,0,0,0,0,0,0
"290","SMKN 4 KOTA SERANG","Kota Serang","Banten",3,0,1,1,0,0,0,0
"291","SMKN 4 PANDEGLANG","Kab. Pandeglang","Banten",2,0,0,0,1,0,0,0
"292","SMKN 4 TANGERANG","Kota Tangerang","Banten",3,2,0,2,0,0,0,0
"293","SMKN 5 KABUPATEN TANGERANG MAUK","Kab. Tangerang","Banten",3,2,0,2,0,0,0,0
"294","SMKN 5 KOTA SERANG","Kota Serang","Banten",5,1,0,1,0,0,0,0
"295","SMKN 6 PANDEGLANG","Kab. Pandeglang","Banten",1,0,0,0,0,0,0,0
"296","SMKN 6 TANGERANG","Kota Tangerang","Banten",3,0,0,0,1,0,0,0
"297","SMKN 7 KOTA SERANG","Kota Serang","Banten",2,0,0,0,1,0,0,0
"298","SMKN 7 PANDEGLANG","Kab. Pandeglang","Banten",0,0,0,0,1,0,0,0
"299","SMKN 7 TANGERANG","Kota Tangerang","Banten",1,1,0,1,0,0,0,0
"300","SMKN 8 PANDEGLANG","Kab. Pandeglang","Banten",0,0,0,0,2,0,0,0
"301","SMKN 9 KABUPATEN TANGERANG","Kab. Tangerang","Banten",2,0,0,0,0,0,0,0
"302","SMKN 9 TANGERANG","Kota Tangerang","Banten",1,0,0,0,0,0,0,0
"303","SMKN PERTANIAN","Kota Serang","Banten",1,1,0,1,0,0,0,0
"304","SMKS AL BANA TAKTAKAN KOTA SERANG","Kota Serang","Banten",2,0,0,0,0,0,0,0
"305","SMKS AS SYUHADA AL KHAIRIYAH","Kota Cilegon","Banten",2,0,0,0,0,0,0,0
"306","SMKS AVICENA RAJEG","Kab. Tangerang","Banten",1,0,0,0,0,0,0,0
"307","SMKS BAHARI CILEGON ABADI CILEGON","Kota Cilegon","Banten",2,0,1,1,0,0,0,0
"308","SMKS BHAKTI ANINDYA","Kota Tangerang","Banten",1,0,0,0,0,0,0,0
"309","SMKS BINA INSAN CENDEKIA TANGERANG","Kota Tangerang","Banten",1,0,0,0,0,0,0,0
"310","SMKS BINA MANDIRI","Kota Bekasi","Jawa Barat",1,0,0,0,0,0,0,0
"311","SMKS INFORMATIKA KOTA SERANG","Kota Serang","Banten",2,0,0,0,0,0,0,0
"312","SMKS KESEHATAN HUSADA PRATAMA","Kota Serang","Banten",1,0,0,0,0,0,0,0
"313","SMKS LAB BUSINESS SCHOOL","Kota Tangerang","Banten",0,0,0,0,1,0,0,0
"314","SMKS MUHAMMADIYAH CILEGON","Kota Cilegon","Banten",2,0,0,0,0,0,0,0
"315","SMKS MUHAMMADIYAH PONTANG","Kab. Serang","Banten",4,0,0,0,0,0,0,0
"316","SMKS NURUL FALAH TIGARAKSA","Kab. Tangerang","Banten",0,0,0,0,1,0,0,0
"317","SMKS NURUL HUDA","Kab. Serang","Banten",0,0,0,0,1,0,0,0
"318","SMKS NUSANTARA 1 KOTA TANGERANG","Kota Tangerang","Banten",1,0,0,0,0,0,0,0
"319","SMKS PANCA KARYA","Kota Tangerang","Banten",1,0,0,0,0,0,0,0
"320","SMKS PENERBANGAN DIRGHANTARA","Kab. Tangerang","Banten",0,0,0,0,1,0,0,0
"321","SMKS PGRI 1 BALARAJA","Kab. Tangerang","Banten",1,0,0,0,0,0,0,0
"322","SMKS PGRI 109 TANGGERANG","Kota Tangerang","Banten",1,1,0,1,0,0,0,0
"323","SMKS PGRI 11 CILEDUG","Kota Tangerang","Banten",1,0,0,0,0,0,0,0
"324","SMKS PGRI 2 KOTA SERANG","Kota Serang","Banten",0,0,0,0,1,0,0,0
"325","SMKS PGRI PINANG","Kota Tangerang","Banten",1,0,0,0,0,0,0,0
"326","SMKS PGRI RANGKASBITUNG","Kab. Lebak","Banten",1,0,0,0,0,0,0,0
"327","SMKS PRIMA UNGGUL","Kota Tangerang","Banten",0,0,0,0,1,0,0,0
"328","SMKS TELKOM SANDHY PUTRA JAKARTA","Kota Jakarta Barat","DKI Jakarta",1,0,0,0,0,0,0,0
"329","SMKS TIARA AKSARA","Kota Tangerang","Banten",3,0,0,0,0,0,0,0
"330","SMKS YABHINKA CILEGON","Kota Cilegon","Banten",1,0,0,0,0,0,0,0
"331","SMKS YADIKA 4","Kota Tangerang","Banten",1,0,0,0,0,0,0,0
"332","SMKS YARSI MEDIKA","Kab. Tangerang","Banten",1,1,0,1,0,0,0,0
"333","SMKS YP 17 CILEGON","Kota Cilegon","Banten",2,0,0,0,0,0,0,0
"334","SMKS YUPPENTEK 1 TANGERANG","Kota Tangerang","Banten",0,0,0,0,1,0,0,0
"335","SMKS YUPPENTEK 5 CURUG","Kab. Tangerang","Banten",1,0,0,0,0,0,0,0
